sample_id,target
ID1001187975__Dry_Green_g,120.13160247802735
ID1001187975__Dry_Dead_g,64.94669075012207
ID1001187975__Dry_Clover_g,51.5409740447998
ID1001187975__GDM_g,144.47722930908202
ID1001187975__Dry_Total_g,152.5221694946289
